{
  "timestamp": "2025-06-29T14:35:02.589288",
  "tests_run": 8,
  "tests_passed": 8,
  "tests_failed": 0,
  "critical_failures": [],
  "performance_metrics": {
    "test_frontend_component_structure": 0.00012183189392089844,
    "test_backend_sample_trip_endpoints": 0.00435185432434082,
    "test_onboarding_flow_timing": 2.6941299438476562e-05,
    "test_trip_template_completeness": 0.0024220943450927734,
    "test_analytics_implementation": 0.0006241798400878906,
    "test_user_experience_requirements": 9.799003601074219e-05,
    "test_accessibility_compliance": 0.001459360122680664,
    "test_frontend_backend_integration_readiness": 0.0005209445953369141
  },
  "recommendations": []
}